<?xml version="1.0" encoding="UTF-8"?>
<project-private xmlns="http://www.netbeans.org/ns/project-private/1">
    <editor-bookmarks xmlns="http://www.netbeans.org/ns/editor-bookmarks/2" lastBookmarkId="0"/>
    <open-files xmlns="http://www.netbeans.org/ns/projectui-open-files/2">
        <group>
            <file>file:/C:/Users/josia/Documents/NetBeansProjects/ContactEditor/src/Limites/LimiteMostraImovel.java</file>
            <file>file:/C:/Users/josia/Documents/NetBeansProjects/ContactEditor/src/Entidades/Visita.java</file>
            <file>file:/C:/Users/josia/Documents/NetBeansProjects/ContactEditor/src/Main/Main.java</file>
            <file>file:/C:/Users/josia/Documents/NetBeansProjects/ContactEditor/src/Limites/LimiteCadVendedor.java</file>
            <file>file:/C:/Users/josia/Documents/NetBeansProjects/ContactEditor/src/Entidades/Vendedor.java</file>
            <file>file:/C:/Users/josia/Documents/NetBeansProjects/ContactEditor/src/Limites/LimiteCadVisita.java</file>
            <file>file:/C:/Users/josia/Documents/NetBeansProjects/ContactEditor/src/Limites/LimiteJulgaProposta.java</file>
            <file>file:/C:/Users/josia/Documents/NetBeansProjects/ContactEditor/src/Limites/LimiteCadComprador.java</file>
            <file>file:/C:/Users/josia/Documents/NetBeansProjects/ContactEditor/src/Entidades/Util.java</file>
            <file>file:/C:/Users/josia/Documents/NetBeansProjects/ContactEditor/src/Limites/LimiteShowPessoas.java</file>
            <file>file:/C:/Users/josia/Documents/NetBeansProjects/ContactEditor/src/Entidades/Imovel.java</file>
            <file>file:/C:/Users/josia/Documents/NetBeansProjects/ContactEditor/src/Limites/LimiteCadImovel.java</file>
            <file>file:/C:/Users/josia/Documents/NetBeansProjects/ContactEditor/src/Entidades/Pessoa.java</file>
            <file>file:/C:/Users/josia/Documents/NetBeansProjects/ContactEditor/src/Controladores/ControleImovel.java</file>
            <file>file:/C:/Users/josia/Documents/NetBeansProjects/ContactEditor/src/Entidades/Corretor.java</file>
            <file>file:/C:/Users/josia/Documents/NetBeansProjects/ContactEditor/src/Entidades/Comprador.java</file>
            <file>file:/C:/Users/josia/Documents/NetBeansProjects/ContactEditor/src/Limites/LimiteCadCorretor.java</file>
            <file>file:/C:/Users/josia/Documents/NetBeansProjects/ContactEditor/src/Limites/LimiteShowPropostas.java</file>
            <file>file:/C:/Users/josia/Documents/NetBeansProjects/ContactEditor/src/Limites/LimitePrincipal.java</file>
            <file>file:/C:/Users/josia/Documents/NetBeansProjects/ContactEditor/src/Controladores/ControlePrincipal.java</file>
            <file>file:/C:/Users/josia/Documents/NetBeansProjects/ContactEditor/src/Limites/LimiteSaida.java</file>
            <file>file:/C:/Users/josia/Documents/NetBeansProjects/ContactEditor/src/Limites/LimiteShowImoveis.java</file>
            <file>file:/C:/Users/josia/Documents/NetBeansProjects/ContactEditor/src/Entidades/Proposta.java</file>
            <file>file:/C:/Users/josia/Documents/NetBeansProjects/ContactEditor/src/Limites/LimiteCadProposta.java</file>
            <file>file:/C:/Users/josia/Documents/NetBeansProjects/ContactEditor/src/Controladores/ControlePessoa.java</file>
        </group>
    </open-files>
</project-private>
